{"cameraMode":{"drawMode":0,"name":"Shaded","section":"Shading Mode"},"sceneLighting":true,"audioPlay":false,"sceneViewState":{"showFog":true,"showMaterialUpdate":false,"showSkybox":true,"showFlares":true,"showImageEffects":true,"showParticleSystems":true},"in2DMode":false,"pivot":{"x":-12.048301696777344,"y":6.14654016494751,"z":-21.91812515258789},"rotation":{"x":0.019455915316939355,"y":0.9525306224822998,"z":-0.06240367144346237,"w":0.29749011993408205},"size":0.3360963463783264,"orthographic":false}