{"cameraMode":{"drawMode":0,"name":"Shaded","section":"Shading Mode"},"sceneLighting":true,"audioPlay":false,"sceneViewState":{"showFog":true,"showMaterialUpdate":false,"showSkybox":true,"showFlares":true,"showImageEffects":true,"showParticleSystems":true},"in2DMode":false,"pivot":{"x":-18.536968231201173,"y":14.33031177520752,"z":-20.742902755737306},"rotation":{"x":-0.06073237955570221,"y":-0.929254949092865,"z":0.17721322178840638,"w":-0.3189502954483032},"size":0.318025141954422,"orthographic":false}