{"cameraMode":{"drawMode":0,"name":"Shaded","section":"Shading Mode"},"sceneLighting":true,"audioPlay":false,"sceneViewState":{"showFog":true,"showMaterialUpdate":false,"showSkybox":true,"showFlares":true,"showImageEffects":true,"showParticleSystems":true},"in2DMode":false,"pivot":{"x":-26.94740104675293,"y":0.019608082249760629,"z":-27.19693946838379},"rotation":{"x":0.03199402242898941,"y":0.9556525349617004,"z":-0.27005839347839358,"w":0.11319515109062195},"size":17.93852424621582,"orthographic":false}