{"cameraMode":{"drawMode":0,"name":"Shaded","section":"Shading Mode"},"sceneLighting":true,"audioPlay":false,"sceneViewState":{"showFog":true,"showMaterialUpdate":false,"showSkybox":true,"showFlares":true,"showImageEffects":true,"showParticleSystems":true},"in2DMode":false,"pivot":{"x":0.19218659400939942,"y":4.28072452545166,"z":-32.83497619628906},"rotation":{"x":-0.002679649041965604,"y":0.9962248802185059,"z":-0.08328532427549362,"w":-0.029858402907848359},"size":3.5774435997009279,"orthographic":false}