{"cameraMode":{"drawMode":0,"name":"Shaded","section":"Shading Mode"},"sceneLighting":true,"audioPlay":false,"sceneViewState":{"showFog":true,"showMaterialUpdate":false,"showSkybox":true,"showFlares":true,"showImageEffects":true,"showParticleSystems":true},"in2DMode":false,"pivot":{"x":-11.946163177490235,"y":5.3439435958862309,"z":-32.86833572387695},"rotation":{"x":-0.019906319677829744,"y":-0.8934133648872376,"z":0.039687689393758777,"w":-0.4472252130508423},"size":0.20795778930187226,"orthographic":false}